"","x"
"1","env_1"
"2","env_2"
"3","env_3"
"4","env_4"
"5","env_5"
"6","env_6"
"7","env_7"
"8","env_8"
"9","env_9"
"10","env_10"
"11","env_11"
"12","env_12"
"13","env_13"
"14","env_14"
"15","env_15"
"16","env_16"
"17","env_17"
"18","env_18"
"19","env_19"
"20","env_20"
"21","env_21"
"22","env_22"
"23","env_23"
"24","env_24"
"25","env_25"
"26","env_26"
"27","env_27"
"28","env_28"
"29","env_29"
"30","env_30"
"31","env_31"
"32","env_32"
"33","env_33"
"34","env_34"
"35","env_35"
"36","env_36"
"37","env_37"
"38","env_38"
"39","env_39"
"40","env_40"
"41","env_41"
"42","env_42"
"43","env_43"
"44","env_44"
"45","env_45"
"46","env_46"
"47","env_47"
"48","env_48"
"49","env_49"
"50","env_50"
"51","env_51"
"52","env_52"
"53","env_53"
"54","env_54"
"55","env_55"
"56","env_56"
"57","env_57"
"58","env_58"
"59","env_59"
"60","env_60"
"61","env_61"
"62","env_62"
"63","env_63"
"64","env_64"
"65","env_65"
"66","env_66"
"67","env_67"
"68","env_68"
"69","env_69"
"70","env_70"
"71","env_71"
"72","env_72"
"73","env_73"
"74","env_74"
"75","env_75"
"76","env_76"
"77","env_77"
"78","env_78"
"79","env_79"
"80","env_80"
"81","env_81"
"82","env_82"
"83","env_83"
"84","env_84"
"85","env_85"
"86","env_86"
"87","env_87"
"88","env_88"
"89","env_89"
"90","env_90"
"91","env_91"
"92","env_92"
"93","env_93"
"94","env_94"
"95","env_95"
"96","env_96"
"97","env_97"
"98","env_98"
"99","env_99"
"100","env_100"
"101","env_101"
"102","env_102"
"103","env_103"
"104","env_104"
"105","env_105"
"106","env_106"
"107","env_107"
"108","env_108"
"109","env_109"
"110","env_110"
"111","env_111"
"112","env_112"
"113","env_113"
"114","env_114"
"115","env_115"
"116","env_116"
"117","env_117"
"118","env_118"
"119","env_119"
"120","env_120"
"121","env_121"
"122","env_122"
"123","env_123"
"124","env_124"
"125","env_125"
"126","env_126"
"127","env_127"
"128","env_128"
"129","env_129"
"130","env_130"
"131","env_131"
"132","env_132"
"133","env_133"
"134","env_134"
"135","env_135"
"136","env_136"
"137","env_137"
"138","env_138"
"139","env_139"
"140","env_140"
"141","env_141"
"142","env_142"
"143","env_143"
"144","env_144"
"145","env_145"
"146","env_146"
"147","env_147"
"148","env_148"
"149","env_149"
"150","env_150"
"151","env_151"
"152","env_152"
"153","env_153"
"154","env_154"
"155","env_155"
"156","env_156"
"157","env_157"
"158","env_158"
"159","env_159"
"160","env_160"
"161","env_161"
"162","env_162"
"163","env_163"
"164","env_164"
"165","env_165"
"166","env_166"
"167","env_167"
"168","env_168"
"169","env_169"
"170","env_170"
"171","env_171"
"172","env_172"
"173","env_173"
"174","env_174"
"175","env_175"
"176","env_176"
"177","env_177"
"178","env_178"
"179","env_179"
"180","env_180"
"181","env_181"
"182","env_182"
"183","env_183"
"184","env_184"
"185","env_185"
"186","env_186"
"187","env_187"
"188","env_188"
"189","env_189"
"190","env_190"
"191","env_191"
"192","env_192"
"193","env_193"
"194","env_194"
"195","env_195"
"196","env_196"
"197","env_197"
"198","env_198"
"199","env_199"
"200","env_200"
"201","env_201"
"202","env_202"
"203","env_203"
"204","env_204"
"205","env_205"
"206","env_206"
"207","env_207"
"208","env_208"
"209","env_209"
"210","env_210"
"211","env_211"
"212","env_212"
"213","env_213"
"214","env_214"
"215","env_215"
"216","env_216"
"217","env_217"
"218","env_218"
"219","env_219"
"220","env_220"
"221","env_221"
"222","env_222"
"223","env_223"
"224","env_224"
"225","env_225"
"226","env_226"
"227","env_227"
"228","env_228"
"229","env_229"
"230","env_230"
"231","env_231"
"232","env_232"
"233","env_233"
"234","env_234"
"235","env_235"
"236","env_236"
"237","env_237"
"238","env_238"
"239","env_239"
"240","env_240"
"241","env_241"
"242","env_242"
"243","env_243"
"244","env_244"
"245","env_245"
"246","env_246"
"247","env_247"
"248","env_248"
"249","env_249"
"250","env_250"
"251","env_251"
"252","env_252"
"253","env_253"
"254","env_254"
"255","env_255"
"256","env_256"
"257","env_257"
"258","env_258"
"259","env_259"
"260","env_260"
"261","env_261"
"262","env_262"
"263","env_263"
"264","env_264"
"265","env_265"
"266","env_266"
"267","env_267"
"268","env_268"
"269","env_269"
"270","env_270"
"271","env_271"
"272","env_272"
"273","env_273"
"274","env_274"
"275","env_275"
"276","env_276"
"277","env_277"
"278","env_278"
"279","env_279"
"280","env_280"
"281","env_281"
"282","env_282"
"283","env_283"
"284","env_284"
"285","env_285"
"286","env_286"
"287","env_287"
"288","env_288"
"289","env_289"
"290","env_290"
"291","env_291"
"292","env_292"
"293","env_293"
"294","env_294"
"295","env_295"
"296","env_296"
"297","env_297"
"298","env_298"
"299","env_299"
"300","env_300"
"301","env_301"
"302","env_302"
"303","env_303"
"304","env_304"
"305","env_305"
"306","env_306"
"307","env_307"
"308","env_308"
"309","env_309"
"310","env_310"
"311","env_311"
"312","env_312"
"313","env_313"
"314","env_314"
"315","env_315"
"316","env_316"
"317","env_317"
"318","env_318"
"319","env_319"
"320","env_320"
"321","env_321"
"322","env_322"
"323","env_323"
"324","env_324"
"325","env_325"
"326","env_326"
"327","env_327"
"328","env_328"
"329","env_329"
"330","env_330"
"331","env_331"
"332","env_332"
"333","env_333"
"334","env_334"
"335","env_335"
"336","env_336"
"337","env_337"
"338","env_338"
"339","env_339"
"340","env_340"
"341","env_341"
"342","env_342"
"343","env_343"
"344","env_344"
"345","env_345"
"346","env_346"
"347","env_347"
"348","env_348"
"349","env_349"
"350","env_350"
"351","env_351"
"352","env_352"
"353","env_353"
"354","env_354"
"355","env_355"
"356","env_356"
"357","env_357"
"358","env_358"
"359","env_359"
"360","env_360"
"361","env_361"
"362","env_362"
"363","env_363"
"364","env_364"
"365","env_365"
"366","env_366"
"367","env_367"
"368","env_368"
"369","env_369"
"370","env_370"
"371","env_371"
"372","env_372"
"373","env_373"
"374","env_374"
"375","env_375"
"376","env_376"
"377","env_377"
"378","env_378"
"379","env_379"
"380","env_380"
"381","env_381"
"382","env_382"
"383","env_383"
"384","env_384"
"385","env_385"
"386","env_386"
"387","env_387"
"388","env_388"
"389","env_389"
"390","env_390"
"391","env_391"
"392","env_392"
"393","env_393"
"394","env_394"
"395","env_395"
"396","env_396"
"397","env_397"
"398","env_398"
"399","env_399"
"400","env_400"
"401","env_401"
"402","env_402"
"403","env_403"
"404","env_404"
"405","env_405"
"406","env_406"
"407","env_407"
"408","env_408"
"409","env_409"
"410","env_410"
"411","env_411"
"412","env_412"
"413","env_413"
"414","env_414"
"415","env_415"
"416","env_416"
"417","env_417"
"418","env_418"
"419","env_419"
"420","env_420"
"421","env_421"
"422","env_422"
"423","env_423"
"424","env_424"
"425","env_425"
"426","env_426"
"427","env_427"
"428","env_428"
"429","env_429"
"430","env_430"
"431","env_431"
"432","env_432"
"433","env_433"
"434","env_434"
"435","env_435"
"436","env_436"
"437","env_437"
"438","env_438"
"439","env_439"
"440","env_440"
"441","env_441"
"442","env_442"
"443","env_443"
"444","env_444"
"445","env_445"
"446","env_446"
"447","env_447"
"448","env_448"
"449","env_449"
"450","env_450"
"451","env_451"
"452","env_452"
"453","env_453"
"454","env_454"
"455","env_455"
"456","env_456"
"457","env_457"
"458","env_458"
"459","env_459"
"460","env_460"
"461","env_461"
"462","env_462"
"463","env_463"
"464","env_464"
"465","env_465"
"466","env_466"
"467","env_467"
"468","env_468"
"469","env_469"
"470","env_470"
"471","env_471"
"472","env_472"
"473","env_473"
"474","env_474"
"475","env_475"
"476","env_476"
"477","env_477"
"478","env_478"
"479","env_479"
"480","env_480"
"481","env_481"
"482","env_482"
"483","env_483"
"484","env_484"
"485","env_485"
"486","env_486"
"487","env_487"
"488","env_488"
"489","env_489"
"490","env_490"
"491","env_491"
"492","env_492"
"493","env_493"
"494","env_494"
"495","env_495"
"496","env_496"
"497","env_497"
"498","env_498"
"499","env_499"
"500","env_500"
"501","env_501"
"502","env_502"
"503","env_503"
"504","env_504"
"505","env_505"
"506","env_506"
"507","env_507"
"508","env_508"
"509","env_509"
"510","env_510"
"511","env_511"
"512","env_512"
"513","env_513"
"514","env_514"
"515","env_515"
"516","env_516"
"517","env_517"
"518","env_518"
"519","env_519"
"520","env_520"
"521","env_521"
"522","env_522"
"523","env_523"
"524","env_524"
"525","env_525"
"526","env_526"
"527","env_527"
"528","env_528"
"529","env_529"
"530","env_530"
"531","env_531"
"532","env_532"
"533","env_533"
"534","env_534"
"535","env_535"
"536","env_536"
"537","env_537"
"538","env_538"
"539","env_539"
"540","env_540"
"541","env_541"
"542","env_542"
"543","env_543"
"544","env_544"
"545","env_545"
"546","env_546"
"547","env_547"
"548","env_548"
"549","env_549"
"550","env_550"
"551","env_551"
"552","env_552"
"553","env_553"
"554","env_554"
"555","env_555"
"556","env_556"
"557","env_557"
"558","env_558"
"559","env_559"
"560","env_560"
"561","env_561"
"562","env_562"
"563","env_563"
"564","env_564"
"565","env_565"
"566","env_566"
"567","env_567"
"568","env_568"
"569","env_569"
"570","env_570"
"571","env_571"
"572","env_572"
"573","env_573"
"574","env_574"
"575","env_575"
"576","env_576"
"577","env_577"
"578","env_578"
"579","env_579"
"580","env_580"
"581","env_581"
"582","env_582"
"583","env_583"
"584","env_584"
"585","env_585"
"586","env_586"
"587","env_587"
"588","env_588"
"589","env_589"
"590","env_590"
"591","env_591"
"592","env_592"
"593","env_593"
"594","env_594"
"595","env_595"
"596","env_596"
"597","env_597"
"598","env_598"
"599","env_599"
"600","env_600"
"601","env_601"
"602","env_602"
"603","env_603"
"604","env_604"
"605","env_605"
"606","env_606"
"607","env_607"
"608","env_608"
"609","env_609"
"610","env_610"
"611","env_611"
"612","env_612"
"613","env_613"
"614","env_614"
"615","env_615"
"616","env_616"
"617","env_617"
"618","env_618"
"619","env_619"
"620","env_620"
"621","env_621"
"622","env_622"
"623","env_623"
"624","env_624"
"625","env_625"
"626","env_626"
"627","env_627"
"628","env_628"
"629","env_629"
"630","env_630"
"631","env_631"
"632","env_632"
"633","env_633"
"634","env_634"
"635","env_635"
"636","env_636"
"637","env_637"
"638","env_638"
"639","env_639"
"640","env_640"
"641","env_641"
"642","env_642"
"643","env_643"
"644","env_644"
"645","env_645"
"646","env_646"
"647","env_647"
"648","env_648"
"649","env_649"
"650","env_650"
"651","env_651"
"652","env_652"
"653","env_653"
"654","env_654"
"655","env_655"
"656","env_656"
"657","env_657"
"658","env_658"
"659","env_659"
"660","env_660"
"661","env_661"
"662","env_662"
"663","env_663"
"664","env_664"
"665","env_665"
"666","env_666"
"667","env_667"
"668","env_668"
"669","env_669"
"670","env_670"
"671","env_671"
"672","env_672"
"673","env_673"
"674","env_674"
"675","env_675"
"676","env_676"
"677","env_677"
"678","env_678"
"679","env_679"
"680","env_680"
"681","env_681"
"682","env_682"
"683","env_683"
"684","env_684"
"685","env_685"
"686","env_686"
"687","env_687"
"688","env_688"
"689","env_689"
"690","env_690"
"691","env_691"
"692","env_692"
"693","env_693"
"694","env_694"
"695","env_695"
"696","env_696"
"697","env_697"
"698","env_698"
"699","env_699"
"700","env_700"
"701","env_701"
"702","env_702"
"703","env_703"
"704","env_704"
"705","env_705"
"706","env_706"
"707","env_707"
"708","env_708"
"709","env_709"
"710","env_710"
"711","env_711"
"712","env_712"
"713","env_713"
"714","env_714"
"715","env_715"
"716","env_716"
"717","env_717"
"718","env_718"
"719","env_719"
"720","env_720"
"721","env_721"
"722","env_722"
"723","env_723"
"724","env_724"
"725","env_725"
"726","env_726"
"727","env_727"
"728","env_728"
"729","env_729"
"730","env_730"
"731","env_731"
"732","env_732"
"733","env_733"
"734","env_734"
"735","env_735"
"736","env_736"
"737","env_737"
"738","env_738"
"739","env_739"
"740","env_740"
"741","env_741"
"742","env_742"
"743","env_743"
"744","env_744"
"745","env_745"
"746","env_746"
"747","env_747"
"748","env_748"
"749","env_749"
"750","env_750"
"751","env_751"
"752","env_752"
"753","env_753"
"754","env_754"
"755","env_755"
"756","env_756"
"757","env_757"
"758","env_758"
"759","env_759"
"760","env_760"
"761","env_761"
"762","env_762"
"763","env_763"
"764","env_764"
"765","env_765"
"766","env_766"
"767","env_767"
"768","env_768"
"769","env_769"
"770","env_770"
"771","env_771"
"772","env_772"
"773","env_773"
"774","env_774"
"775","env_775"
"776","env_776"
"777","env_777"
"778","env_778"
"779","env_779"
"780","env_780"
"781","env_781"
"782","env_782"
"783","env_783"
"784","env_784"
"785","env_785"
"786","env_786"
"787","env_787"
"788","env_788"
"789","env_789"
"790","env_790"
"791","env_791"
"792","env_792"
"793","env_793"
"794","env_794"
"795","env_795"
"796","env_796"
"797","env_797"
"798","env_798"
"799","env_799"
"800","env_800"
"801","env_801"
"802","env_802"
"803","env_803"
"804","env_804"
"805","env_805"
"806","env_806"
"807","env_807"
"808","env_808"
"809","env_809"
"810","env_810"
"811","env_811"
"812","env_812"
"813","env_813"
"814","env_814"
"815","env_815"
"816","env_816"
"817","env_817"
"818","env_818"
"819","env_819"
"820","env_820"
"821","env_821"
"822","env_822"
"823","env_823"
"824","env_824"
"825","env_825"
"826","env_826"
"827","env_827"
"828","env_828"
"829","env_829"
"830","env_830"
"831","env_831"
"832","env_832"
"833","env_833"
"834","env_834"
"835","env_835"
"836","env_836"
"837","env_837"
"838","env_838"
"839","env_839"
"840","env_840"
"841","env_841"
"842","env_842"
"843","env_843"
"844","env_844"
"845","env_845"
"846","env_846"
"847","env_847"
"848","env_848"
"849","env_849"
"850","env_850"
"851","env_851"
"852","env_852"
"853","env_853"
"854","env_854"
"855","env_855"
"856","env_856"
"857","gag_1"
"858","gag_2"
"859","gag_3"
"860","gag_4"
"861","gag_5"
"862","gag_6"
"863","gag_7"
"864","gag_8"
"865","gag_9"
"866","gag_10"
"867","gag_11"
"868","gag_12"
"869","gag_13"
"870","gag_14"
"871","gag_15"
"872","gag_16"
"873","gag_17"
"874","gag_18"
"875","gag_19"
"876","gag_20"
"877","gag_21"
"878","gag_22"
"879","gag_23"
"880","gag_24"
"881","gag_25"
"882","gag_26"
"883","gag_27"
"884","gag_28"
"885","gag_29"
"886","gag_30"
"887","gag_31"
"888","gag_32"
"889","gag_33"
"890","gag_34"
"891","gag_35"
"892","gag_36"
"893","gag_37"
"894","gag_38"
"895","gag_39"
"896","gag_40"
"897","gag_41"
"898","gag_42"
"899","gag_43"
"900","gag_44"
"901","gag_45"
"902","gag_46"
"903","gag_47"
"904","gag_48"
"905","gag_49"
"906","gag_50"
"907","gag_51"
"908","gag_52"
"909","gag_53"
"910","gag_54"
"911","gag_55"
"912","gag_56"
"913","gag_57"
"914","gag_58"
"915","gag_59"
"916","gag_60"
"917","gag_61"
"918","gag_62"
"919","gag_63"
"920","gag_64"
"921","gag_65"
"922","gag_66"
"923","gag_67"
"924","gag_68"
"925","gag_69"
"926","gag_70"
"927","gag_71"
"928","gag_72"
"929","gag_73"
"930","gag_74"
"931","gag_75"
"932","gag_76"
"933","gag_77"
"934","gag_78"
"935","gag_79"
"936","gag_80"
"937","gag_81"
"938","gag_82"
"939","gag_83"
"940","gag_84"
"941","gag_85"
"942","gag_86"
"943","gag_87"
"944","gag_88"
"945","gag_89"
"946","gag_90"
"947","gag_91"
"948","gag_92"
"949","gag_93"
"950","gag_94"
"951","gag_95"
"952","gag_96"
"953","gag_97"
"954","gag_98"
"955","gag_99"
"956","gag_100"
"957","gag_101"
"958","gag_102"
"959","gag_103"
"960","gag_104"
"961","gag_105"
"962","gag_106"
"963","gag_107"
"964","gag_108"
"965","gag_109"
"966","gag_110"
"967","gag_111"
"968","gag_112"
"969","gag_113"
"970","gag_114"
"971","gag_115"
"972","gag_116"
"973","gag_117"
"974","gag_118"
"975","gag_119"
"976","gag_120"
"977","gag_121"
"978","gag_122"
"979","gag_123"
"980","gag_124"
"981","gag_125"
"982","gag_126"
"983","gag_127"
"984","gag_128"
"985","gag_129"
"986","gag_130"
"987","gag_131"
"988","gag_132"
"989","gag_133"
"990","gag_134"
"991","gag_135"
"992","gag_136"
"993","gag_137"
"994","gag_138"
"995","gag_139"
"996","gag_140"
"997","gag_141"
"998","gag_142"
"999","gag_143"
"1000","gag_144"
"1001","gag_145"
"1002","gag_146"
"1003","gag_147"
"1004","gag_148"
"1005","gag_149"
"1006","gag_150"
"1007","gag_151"
"1008","gag_152"
"1009","gag_153"
"1010","gag_154"
"1011","gag_155"
"1012","gag_156"
"1013","gag_157"
"1014","gag_158"
"1015","gag_159"
"1016","gag_160"
"1017","gag_161"
"1018","gag_162"
"1019","gag_163"
"1020","gag_164"
"1021","gag_165"
"1022","gag_166"
"1023","gag_167"
"1024","gag_168"
"1025","gag_169"
"1026","gag_170"
"1027","gag_171"
"1028","gag_172"
"1029","gag_173"
"1030","gag_174"
"1031","gag_175"
"1032","gag_176"
"1033","gag_177"
"1034","gag_178"
"1035","gag_179"
"1036","gag_180"
"1037","gag_181"
"1038","gag_182"
"1039","gag_183"
"1040","gag_184"
"1041","gag_185"
"1042","gag_186"
"1043","gag_187"
"1044","gag_188"
"1045","gag_189"
"1046","gag_190"
"1047","gag_191"
"1048","gag_192"
"1049","gag_193"
"1050","gag_194"
"1051","gag_195"
"1052","gag_196"
"1053","gag_197"
"1054","gag_198"
"1055","gag_199"
"1056","gag_200"
"1057","gag_201"
"1058","gag_202"
"1059","gag_203"
"1060","gag_204"
"1061","gag_205"
"1062","gag_206"
"1063","gag_207"
"1064","gag_208"
"1065","gag_209"
"1066","gag_210"
"1067","gag_211"
"1068","gag_212"
"1069","gag_213"
"1070","gag_214"
"1071","gag_215"
"1072","gag_216"
"1073","gag_217"
"1074","gag_218"
"1075","gag_219"
"1076","gag_220"
"1077","gag_221"
"1078","gag_222"
"1079","gag_223"
"1080","gag_224"
"1081","gag_225"
"1082","gag_226"
"1083","gag_227"
"1084","gag_228"
"1085","gag_229"
"1086","gag_230"
"1087","gag_231"
"1088","gag_232"
"1089","gag_233"
"1090","gag_234"
"1091","gag_235"
"1092","gag_236"
"1093","gag_237"
"1094","gag_238"
"1095","gag_239"
"1096","gag_240"
"1097","gag_241"
"1098","gag_242"
"1099","gag_243"
"1100","gag_244"
"1101","gag_245"
"1102","gag_246"
"1103","gag_247"
"1104","gag_248"
"1105","gag_249"
"1106","gag_250"
"1107","gag_251"
"1108","gag_252"
"1109","gag_253"
"1110","gag_254"
"1111","gag_255"
"1112","gag_256"
"1113","gag_257"
"1114","gag_258"
"1115","gag_259"
"1116","gag_260"
"1117","gag_261"
"1118","gag_262"
"1119","gag_263"
"1120","gag_264"
"1121","gag_265"
"1122","gag_266"
"1123","gag_267"
"1124","gag_268"
"1125","gag_269"
"1126","gag_270"
"1127","gag_271"
"1128","gag_272"
"1129","gag_273"
"1130","gag_274"
"1131","gag_275"
"1132","gag_276"
"1133","gag_277"
"1134","gag_278"
"1135","gag_279"
"1136","gag_280"
"1137","gag_281"
"1138","gag_282"
"1139","gag_283"
"1140","gag_284"
"1141","gag_285"
"1142","gag_286"
"1143","gag_287"
"1144","gag_288"
"1145","gag_289"
"1146","gag_290"
"1147","gag_291"
"1148","gag_292"
"1149","gag_293"
"1150","gag_294"
"1151","gag_295"
"1152","gag_296"
"1153","gag_297"
"1154","gag_298"
"1155","gag_299"
"1156","gag_300"
"1157","gag_301"
"1158","gag_302"
"1159","gag_303"
"1160","gag_304"
"1161","gag_305"
"1162","gag_306"
"1163","gag_307"
"1164","gag_308"
"1165","gag_309"
"1166","gag_310"
"1167","gag_311"
"1168","gag_312"
"1169","gag_313"
"1170","gag_314"
"1171","gag_315"
"1172","gag_316"
"1173","gag_317"
"1174","gag_318"
"1175","gag_319"
"1176","gag_320"
"1177","gag_321"
"1178","gag_322"
"1179","gag_323"
"1180","gag_324"
"1181","gag_325"
"1182","gag_326"
"1183","gag_327"
"1184","gag_328"
"1185","gag_329"
"1186","gag_330"
"1187","gag_331"
"1188","gag_332"
"1189","gag_333"
"1190","gag_334"
"1191","gag_335"
"1192","gag_336"
"1193","gag_337"
"1194","gag_338"
"1195","gag_339"
"1196","gag_340"
"1197","gag_341"
"1198","gag_342"
"1199","gag_343"
"1200","gag_344"
"1201","gag_345"
"1202","gag_346"
"1203","gag_347"
"1204","gag_348"
"1205","gag_349"
"1206","gag_350"
"1207","gag_351"
"1208","gag_352"
"1209","gag_353"
"1210","gag_354"
"1211","gag_355"
"1212","gag_356"
"1213","gag_357"
"1214","gag_358"
"1215","gag_359"
"1216","gag_360"
"1217","gag_361"
"1218","gag_362"
"1219","gag_363"
"1220","gag_364"
"1221","gag_365"
"1222","gag_366"
"1223","gag_367"
"1224","gag_368"
"1225","gag_369"
"1226","gag_370"
"1227","gag_371"
"1228","gag_372"
"1229","gag_373"
"1230","gag_374"
"1231","gag_375"
"1232","gag_376"
"1233","gag_377"
"1234","gag_378"
"1235","gag_379"
"1236","gag_380"
"1237","gag_381"
"1238","gag_382"
"1239","gag_383"
"1240","gag_384"
"1241","gag_385"
"1242","gag_386"
"1243","gag_387"
"1244","gag_388"
"1245","gag_389"
"1246","gag_390"
"1247","gag_391"
"1248","gag_392"
"1249","gag_393"
"1250","gag_394"
"1251","gag_395"
"1252","gag_396"
"1253","gag_397"
"1254","gag_398"
"1255","gag_399"
"1256","gag_400"
"1257","gag_401"
"1258","gag_402"
"1259","gag_403"
"1260","gag_404"
"1261","gag_405"
"1262","gag_406"
"1263","gag_407"
"1264","gag_408"
"1265","gag_409"
"1266","gag_410"
"1267","gag_411"
"1268","gag_412"
"1269","gag_413"
"1270","gag_414"
"1271","gag_415"
"1272","gag_416"
"1273","gag_417"
"1274","gag_418"
"1275","gag_419"
"1276","gag_420"
"1277","gag_421"
"1278","gag_422"
"1279","gag_423"
"1280","gag_424"
"1281","gag_425"
"1282","gag_426"
"1283","gag_427"
"1284","gag_428"
"1285","gag_429"
"1286","gag_430"
"1287","gag_431"
"1288","gag_432"
"1289","gag_433"
"1290","gag_434"
"1291","gag_435"
"1292","gag_436"
"1293","gag_437"
"1294","gag_438"
"1295","gag_439"
"1296","gag_440"
"1297","gag_441"
"1298","gag_442"
"1299","gag_443"
"1300","gag_444"
"1301","gag_445"
"1302","gag_446"
"1303","gag_447"
"1304","gag_448"
"1305","gag_449"
"1306","gag_450"
"1307","gag_451"
"1308","gag_452"
"1309","gag_453"
"1310","gag_454"
"1311","gag_455"
"1312","gag_456"
"1313","gag_457"
"1314","gag_458"
"1315","gag_459"
"1316","gag_460"
"1317","gag_461"
"1318","gag_462"
"1319","gag_463"
"1320","gag_464"
"1321","gag_465"
"1322","gag_466"
"1323","gag_467"
"1324","gag_468"
"1325","gag_469"
"1326","gag_470"
"1327","gag_471"
"1328","gag_472"
"1329","gag_473"
"1330","gag_474"
"1331","gag_475"
"1332","gag_476"
"1333","gag_477"
"1334","gag_478"
"1335","gag_479"
"1336","gag_480"
"1337","gag_481"
"1338","gag_482"
"1339","gag_483"
"1340","gag_484"
"1341","gag_485"
"1342","gag_486"
"1343","gag_487"
"1344","gag_488"
"1345","gag_489"
"1346","gag_490"
"1347","gag_491"
"1348","gag_492"
"1349","gag_493"
"1350","gag_494"
"1351","gag_495"
"1352","gag_496"
"1353","gag_497"
"1354","gag_498"
"1355","gag_499"
"1356","gag_500"
"1357","nef_1"
"1358","nef_2"
"1359","nef_3"
"1360","nef_4"
"1361","nef_5"
"1362","nef_6"
"1363","nef_7"
"1364","nef_8"
"1365","nef_9"
"1366","nef_10"
"1367","nef_11"
"1368","nef_12"
"1369","nef_13"
"1370","nef_14"
"1371","nef_15"
"1372","nef_16"
"1373","nef_17"
"1374","nef_18"
"1375","nef_19"
"1376","nef_20"
"1377","nef_21"
"1378","nef_22"
"1379","nef_23"
"1380","nef_24"
"1381","nef_25"
"1382","nef_26"
"1383","nef_27"
"1384","nef_28"
"1385","nef_29"
"1386","nef_30"
"1387","nef_31"
"1388","nef_32"
"1389","nef_33"
"1390","nef_34"
"1391","nef_35"
"1392","nef_36"
"1393","nef_37"
"1394","nef_38"
"1395","nef_39"
"1396","nef_40"
"1397","nef_41"
"1398","nef_42"
"1399","nef_43"
"1400","nef_44"
"1401","nef_45"
"1402","nef_46"
"1403","nef_47"
"1404","nef_48"
"1405","nef_49"
"1406","nef_50"
"1407","nef_51"
"1408","nef_52"
"1409","nef_53"
"1410","nef_54"
"1411","nef_55"
"1412","nef_56"
"1413","nef_57"
"1414","nef_58"
"1415","nef_59"
"1416","nef_60"
"1417","nef_61"
"1418","nef_62"
"1419","nef_63"
"1420","nef_64"
"1421","nef_65"
"1422","nef_66"
"1423","nef_67"
"1424","nef_68"
"1425","nef_69"
"1426","nef_70"
"1427","nef_71"
"1428","nef_72"
"1429","nef_73"
"1430","nef_74"
"1431","nef_75"
"1432","nef_76"
"1433","nef_77"
"1434","nef_78"
"1435","nef_79"
"1436","nef_80"
"1437","nef_81"
"1438","nef_82"
"1439","nef_83"
"1440","nef_84"
"1441","nef_85"
"1442","nef_86"
"1443","nef_87"
"1444","nef_88"
"1445","nef_89"
"1446","nef_90"
"1447","nef_91"
"1448","nef_92"
"1449","nef_93"
"1450","nef_94"
"1451","nef_95"
"1452","nef_96"
"1453","nef_97"
"1454","nef_98"
"1455","nef_99"
"1456","nef_100"
"1457","nef_101"
"1458","nef_102"
"1459","nef_103"
"1460","nef_104"
"1461","nef_105"
"1462","nef_106"
"1463","nef_107"
"1464","nef_108"
"1465","nef_109"
"1466","nef_110"
"1467","nef_111"
"1468","nef_112"
"1469","nef_113"
"1470","nef_114"
"1471","nef_115"
"1472","nef_116"
"1473","nef_117"
"1474","nef_118"
"1475","nef_119"
"1476","nef_120"
"1477","nef_121"
"1478","nef_122"
"1479","nef_123"
"1480","nef_124"
"1481","nef_125"
"1482","nef_126"
"1483","nef_127"
"1484","nef_128"
"1485","nef_129"
"1486","nef_130"
"1487","nef_131"
"1488","nef_132"
"1489","nef_133"
"1490","nef_134"
"1491","nef_135"
"1492","nef_136"
"1493","nef_137"
"1494","nef_138"
"1495","nef_139"
"1496","nef_140"
"1497","nef_141"
"1498","nef_142"
"1499","nef_143"
"1500","nef_144"
"1501","nef_145"
"1502","nef_146"
"1503","nef_147"
"1504","nef_148"
"1505","nef_149"
"1506","nef_150"
"1507","nef_151"
"1508","nef_152"
"1509","nef_153"
"1510","nef_154"
"1511","nef_155"
"1512","nef_156"
"1513","nef_157"
"1514","nef_158"
"1515","nef_159"
"1516","nef_160"
"1517","nef_161"
"1518","nef_162"
"1519","nef_163"
"1520","nef_164"
"1521","nef_165"
"1522","nef_166"
"1523","nef_167"
"1524","nef_168"
"1525","nef_169"
"1526","nef_170"
"1527","nef_171"
"1528","nef_172"
"1529","nef_173"
"1530","nef_174"
"1531","nef_175"
"1532","nef_176"
"1533","nef_177"
"1534","nef_178"
"1535","nef_179"
"1536","nef_180"
"1537","nef_181"
"1538","nef_182"
"1539","nef_183"
"1540","nef_184"
"1541","nef_185"
"1542","nef_186"
"1543","nef_187"
"1544","nef_188"
"1545","nef_189"
"1546","nef_190"
"1547","nef_191"
"1548","nef_192"
"1549","nef_193"
"1550","nef_194"
"1551","nef_195"
"1552","nef_196"
"1553","nef_197"
"1554","nef_198"
"1555","nef_199"
"1556","nef_200"
"1557","nef_201"
"1558","nef_202"
"1559","nef_203"
"1560","nef_204"
"1561","nef_205"
"1562","pol_1"
"1563","pol_2"
"1564","pol_3"
"1565","pol_4"
"1566","pol_5"
"1567","pol_6"
"1568","pol_7"
"1569","pol_8"
"1570","pol_9"
"1571","pol_10"
"1572","pol_11"
"1573","pol_12"
"1574","pol_13"
"1575","pol_14"
"1576","pol_15"
"1577","pol_16"
"1578","pol_17"
"1579","pol_18"
"1580","pol_19"
"1581","pol_20"
"1582","pol_21"
"1583","pol_22"
"1584","pol_23"
"1585","pol_24"
"1586","pol_25"
"1587","pol_26"
"1588","pol_27"
"1589","pol_28"
"1590","pol_29"
"1591","pol_30"
"1592","pol_31"
"1593","pol_32"
"1594","pol_33"
"1595","pol_34"
"1596","pol_35"
"1597","pol_36"
"1598","pol_37"
"1599","pol_38"
"1600","pol_39"
"1601","pol_40"
"1602","pol_41"
"1603","pol_42"
"1604","pol_43"
"1605","pol_44"
"1606","pol_45"
"1607","pol_46"
"1608","pol_47"
"1609","pol_48"
"1610","pol_49"
"1611","pol_50"
"1612","pol_51"
"1613","pol_52"
"1614","pol_53"
"1615","pol_54"
"1616","pol_55"
"1617","pol_56"
"1618","pol_57"
"1619","pol_58"
"1620","pol_59"
"1621","pol_60"
"1622","pol_61"
"1623","pol_62"
"1624","pol_63"
"1625","pol_64"
"1626","pol_65"
"1627","pol_66"
"1628","pol_67"
"1629","pol_68"
"1630","pol_69"
"1631","pol_70"
"1632","pol_71"
"1633","pol_72"
"1634","pol_73"
"1635","pol_74"
"1636","pol_75"
"1637","pol_76"
"1638","pol_77"
"1639","pol_78"
"1640","pol_79"
"1641","pol_80"
"1642","pol_81"
"1643","pol_82"
"1644","pol_83"
"1645","pol_84"
"1646","pol_85"
"1647","pol_86"
"1648","pol_87"
"1649","pol_88"
"1650","pol_89"
"1651","pol_90"
"1652","pol_91"
"1653","pol_92"
"1654","pol_93"
"1655","pol_94"
"1656","pol_95"
"1657","pol_96"
"1658","pol_97"
"1659","pol_98"
"1660","pol_99"
"1661","pol_100"
"1662","pol_101"
"1663","pol_102"
"1664","pol_103"
"1665","pol_104"
"1666","pol_105"
"1667","pol_106"
"1668","pol_107"
"1669","pol_108"
"1670","pol_109"
"1671","pol_110"
"1672","pol_111"
"1673","pol_112"
"1674","pol_113"
"1675","pol_114"
"1676","pol_115"
"1677","pol_116"
"1678","pol_117"
"1679","pol_118"
"1680","pol_119"
"1681","pol_120"
"1682","pol_121"
"1683","pol_122"
"1684","pol_123"
"1685","pol_124"
"1686","pol_125"
"1687","pol_126"
"1688","pol_127"
"1689","pol_128"
"1690","pol_129"
"1691","pol_130"
"1692","pol_131"
"1693","pol_132"
"1694","pol_133"
"1695","pol_134"
"1696","pol_135"
"1697","pol_136"
"1698","pol_137"
"1699","pol_138"
"1700","pol_139"
"1701","pol_140"
"1702","pol_141"
"1703","pol_142"
"1704","pol_143"
"1705","pol_144"
"1706","pol_145"
"1707","pol_146"
"1708","pol_147"
"1709","pol_148"
"1710","pol_149"
"1711","pol_150"
"1712","pol_151"
"1713","pol_152"
"1714","pol_153"
"1715","pol_154"
"1716","pol_155"
"1717","pol_156"
"1718","pol_157"
"1719","pol_158"
"1720","pol_159"
"1721","pol_160"
"1722","pol_161"
"1723","pol_162"
"1724","pol_163"
"1725","pol_164"
"1726","pol_165"
"1727","pol_166"
"1728","pol_167"
"1729","pol_168"
"1730","pol_169"
"1731","pol_170"
"1732","pol_171"
"1733","pol_172"
"1734","pol_173"
"1735","pol_174"
"1736","pol_175"
"1737","pol_176"
"1738","pol_177"
"1739","pol_178"
"1740","pol_179"
"1741","pol_180"
"1742","pol_181"
"1743","pol_182"
"1744","pol_183"
"1745","pol_184"
"1746","pol_185"
"1747","pol_186"
"1748","pol_187"
"1749","pol_188"
"1750","pol_189"
"1751","pol_190"
"1752","pol_191"
"1753","pol_192"
"1754","pol_193"
"1755","pol_194"
"1756","pol_195"
"1757","pol_196"
"1758","pol_197"
"1759","pol_198"
"1760","pol_199"
"1761","pol_200"
"1762","pol_201"
"1763","pol_202"
"1764","pol_203"
"1765","pol_204"
"1766","pol_205"
"1767","pol_206"
"1768","pol_207"
"1769","pol_208"
"1770","pol_209"
"1771","pol_210"
"1772","pol_211"
"1773","pol_212"
"1774","pol_213"
"1775","pol_214"
"1776","pol_215"
"1777","pol_216"
"1778","pol_217"
"1779","pol_218"
"1780","pol_219"
"1781","pol_220"
"1782","pol_221"
"1783","pol_222"
"1784","pol_223"
"1785","pol_224"
"1786","pol_225"
"1787","pol_226"
"1788","pol_227"
"1789","pol_228"
"1790","pol_229"
"1791","pol_230"
"1792","pol_231"
"1793","pol_232"
"1794","pol_233"
"1795","pol_234"
"1796","pol_235"
"1797","pol_236"
"1798","pol_237"
"1799","pol_238"
"1800","pol_239"
"1801","pol_240"
"1802","pol_241"
"1803","pol_242"
"1804","pol_243"
"1805","pol_244"
"1806","pol_245"
"1807","pol_246"
"1808","pol_247"
"1809","pol_248"
"1810","pol_249"
"1811","pol_250"
"1812","pol_251"
"1813","pol_252"
"1814","pol_253"
"1815","pol_254"
"1816","pol_255"
"1817","pol_256"
"1818","pol_257"
"1819","pol_258"
"1820","pol_259"
"1821","pol_260"
"1822","pol_261"
"1823","pol_262"
"1824","pol_263"
"1825","pol_264"
"1826","pol_265"
"1827","pol_266"
"1828","pol_267"
"1829","pol_268"
"1830","pol_269"
"1831","pol_270"
"1832","pol_271"
"1833","pol_272"
"1834","pol_273"
"1835","pol_274"
"1836","pol_275"
"1837","pol_276"
"1838","pol_277"
"1839","pol_278"
"1840","pol_279"
"1841","pol_280"
"1842","pol_281"
"1843","pol_282"
"1844","pol_283"
"1845","pol_284"
"1846","pol_285"
"1847","pol_286"
"1848","pol_287"
"1849","pol_288"
"1850","pol_289"
"1851","pol_290"
"1852","pol_291"
"1853","pol_292"
"1854","pol_293"
"1855","pol_294"
"1856","pol_295"
"1857","pol_296"
"1858","pol_297"
"1859","pol_298"
"1860","pol_299"
"1861","pol_300"
"1862","pol_301"
"1863","pol_302"
"1864","pol_303"
"1865","pol_304"
"1866","pol_305"
"1867","pol_306"
"1868","pol_307"
"1869","pol_308"
"1870","pol_309"
"1871","pol_310"
"1872","pol_311"
"1873","pol_312"
"1874","pol_313"
"1875","pol_314"
"1876","pol_315"
"1877","pol_316"
"1878","pol_317"
"1879","pol_318"
"1880","pol_319"
"1881","pol_320"
"1882","pol_321"
"1883","pol_322"
"1884","pol_323"
"1885","pol_324"
"1886","pol_325"
"1887","pol_326"
"1888","pol_327"
"1889","pol_328"
"1890","pol_329"
"1891","pol_330"
"1892","pol_331"
"1893","pol_332"
"1894","pol_333"
"1895","pol_334"
"1896","pol_335"
"1897","pol_336"
"1898","pol_337"
"1899","pol_338"
"1900","pol_339"
"1901","pol_340"
"1902","pol_341"
"1903","pol_342"
"1904","pol_343"
"1905","pol_344"
"1906","pol_345"
"1907","pol_346"
"1908","pol_347"
"1909","pol_348"
"1910","pol_349"
"1911","pol_350"
"1912","pol_351"
"1913","pol_352"
"1914","pol_353"
"1915","pol_354"
"1916","pol_355"
"1917","pol_356"
"1918","pol_357"
"1919","pol_358"
"1920","pol_359"
"1921","pol_360"
"1922","pol_361"
"1923","pol_362"
"1924","pol_363"
"1925","pol_364"
"1926","pol_365"
"1927","pol_366"
"1928","pol_367"
"1929","pol_368"
"1930","pol_369"
"1931","pol_370"
"1932","pol_371"
"1933","pol_372"
"1934","pol_373"
"1935","pol_374"
"1936","pol_375"
"1937","pol_376"
"1938","pol_377"
"1939","pol_378"
"1940","pol_379"
"1941","pol_380"
"1942","pol_381"
"1943","pol_382"
"1944","pol_383"
"1945","pol_384"
"1946","pol_385"
"1947","pol_386"
"1948","pol_387"
"1949","pol_388"
"1950","pol_389"
"1951","pol_390"
"1952","pol_391"
"1953","pol_392"
"1954","pol_393"
"1955","pol_394"
"1956","pol_395"
"1957","pol_396"
"1958","pol_397"
"1959","pol_398"
"1960","pol_399"
"1961","pol_400"
"1962","pol_401"
"1963","pol_402"
"1964","pol_403"
"1965","pol_404"
"1966","pol_405"
"1967","pol_406"
"1968","pol_407"
"1969","pol_408"
"1970","pol_409"
"1971","pol_410"
"1972","pol_411"
"1973","pol_412"
"1974","pol_413"
"1975","pol_414"
"1976","pol_415"
"1977","pol_416"
"1978","pol_417"
"1979","pol_418"
"1980","pol_419"
"1981","pol_420"
"1982","pol_421"
"1983","pol_422"
"1984","pol_423"
"1985","pol_424"
"1986","pol_425"
"1987","pol_426"
"1988","pol_427"
"1989","pol_428"
"1990","pol_429"
"1991","pol_430"
"1992","pol_431"
"1993","pol_432"
"1994","pol_433"
"1995","pol_434"
"1996","pol_435"
"1997","pol_436"
"1998","pol_437"
"1999","pol_438"
"2000","pol_439"
"2001","pol_440"
"2002","pol_441"
"2003","pol_442"
"2004","pol_443"
"2005","pol_444"
"2006","pol_445"
"2007","pol_446"
"2008","pol_447"
"2009","pol_448"
"2010","pol_449"
"2011","pol_450"
"2012","pol_451"
"2013","pol_452"
"2014","pol_453"
"2015","pol_454"
"2016","pol_455"
"2017","pol_456"
"2018","pol_457"
"2019","pol_458"
"2020","pol_459"
"2021","pol_460"
"2022","pol_461"
"2023","pol_462"
"2024","pol_463"
"2025","pol_464"
"2026","pol_465"
"2027","pol_466"
"2028","pol_467"
"2029","pol_468"
"2030","pol_469"
"2031","pol_470"
"2032","pol_471"
"2033","pol_472"
"2034","pol_473"
"2035","pol_474"
"2036","pol_475"
"2037","pol_476"
"2038","pol_477"
"2039","pol_478"
"2040","pol_479"
"2041","pol_480"
"2042","pol_481"
"2043","pol_482"
"2044","pol_483"
"2045","pol_484"
"2046","pol_485"
"2047","pol_486"
"2048","pol_487"
"2049","pol_488"
"2050","pol_489"
"2051","pol_490"
"2052","pol_491"
"2053","pol_492"
"2054","pol_493"
"2055","pol_494"
"2056","pol_495"
"2057","pol_496"
"2058","pol_497"
"2059","pol_498"
"2060","pol_499"
"2061","pol_500"
"2062","pol_501"
"2063","pol_502"
"2064","pol_503"
"2065","pol_504"
"2066","pol_505"
"2067","pol_506"
"2068","pol_507"
"2069","pol_508"
"2070","pol_509"
"2071","pol_510"
"2072","pol_511"
"2073","pol_512"
"2074","pol_513"
"2075","pol_514"
"2076","pol_515"
"2077","pol_516"
"2078","pol_517"
"2079","pol_518"
"2080","pol_519"
"2081","pol_520"
"2082","pol_521"
"2083","pol_522"
"2084","pol_523"
"2085","pol_524"
"2086","pol_525"
"2087","pol_526"
"2088","pol_527"
"2089","pol_528"
"2090","pol_529"
"2091","pol_530"
"2092","pol_531"
"2093","pol_532"
"2094","pol_533"
"2095","pol_534"
"2096","pol_535"
"2097","pol_536"
"2098","pol_537"
"2099","pol_538"
"2100","pol_539"
"2101","pol_540"
"2102","pol_541"
"2103","pol_542"
"2104","pol_543"
"2105","pol_544"
"2106","pol_545"
"2107","pol_546"
"2108","pol_547"
"2109","pol_548"
"2110","pol_549"
"2111","pol_550"
"2112","pol_551"
"2113","pol_552"
"2114","pol_553"
"2115","pol_554"
"2116","pol_555"
"2117","pol_556"
"2118","pol_557"
"2119","pol_558"
"2120","pol_559"
"2121","pol_560"
"2122","pol_561"
"2123","pol_562"
"2124","pol_563"
"2125","pol_564"
"2126","pol_565"
"2127","pol_566"
"2128","pol_567"
"2129","pol_568"
"2130","pol_569"
"2131","pol_570"
"2132","pol_571"
"2133","pol_572"
"2134","pol_573"
"2135","pol_574"
"2136","pol_575"
"2137","pol_576"
"2138","pol_577"
"2139","pol_578"
"2140","pol_579"
"2141","pol_580"
"2142","pol_581"
"2143","pol_582"
"2144","pol_583"
"2145","pol_584"
"2146","pol_585"
"2147","pol_586"
"2148","pol_587"
"2149","pol_588"
"2150","pol_589"
"2151","pol_590"
"2152","pol_591"
"2153","pol_592"
"2154","pol_593"
"2155","pol_594"
"2156","pol_595"
"2157","pol_596"
"2158","pol_597"
"2159","pol_598"
"2160","pol_599"
"2161","pol_600"
"2162","pol_601"
"2163","pol_602"
"2164","pol_603"
"2165","pol_604"
"2166","pol_605"
"2167","pol_606"
"2168","pol_607"
"2169","pol_608"
"2170","pol_609"
"2171","pol_610"
"2172","pol_611"
"2173","pol_612"
"2174","pol_613"
"2175","pol_614"
"2176","pol_615"
"2177","pol_616"
"2178","pol_617"
"2179","pol_618"
"2180","pol_619"
"2181","pol_620"
"2182","pol_621"
"2183","pol_622"
"2184","pol_623"
"2185","pol_624"
"2186","pol_625"
"2187","pol_626"
"2188","pol_627"
"2189","pol_628"
"2190","pol_629"
"2191","pol_630"
"2192","pol_631"
"2193","pol_632"
"2194","pol_633"
"2195","pol_634"
"2196","pol_635"
"2197","pol_636"
"2198","pol_637"
"2199","pol_638"
"2200","pol_639"
"2201","pol_640"
"2202","pol_641"
"2203","pol_642"
"2204","pol_643"
"2205","pol_644"
"2206","pol_645"
"2207","pol_646"
"2208","pol_647"
"2209","pol_648"
"2210","pol_649"
"2211","pol_650"
"2212","pol_651"
"2213","pol_652"
"2214","pol_653"
"2215","pol_654"
"2216","pol_655"
"2217","pol_656"
"2218","pol_657"
"2219","pol_658"
"2220","pol_659"
"2221","pol_660"
"2222","pol_661"
"2223","pol_662"
"2224","pol_663"
"2225","pol_664"
"2226","pol_665"
"2227","pol_666"
"2228","pol_667"
"2229","pol_668"
"2230","pol_669"
"2231","pol_670"
"2232","pol_671"
"2233","pol_672"
"2234","pol_673"
"2235","pol_674"
"2236","pol_675"
"2237","pol_676"
"2238","pol_677"
"2239","pol_678"
"2240","pol_679"
"2241","pol_680"
"2242","pol_681"
"2243","pol_682"
"2244","pol_683"
"2245","pol_684"
"2246","pol_685"
"2247","pol_686"
"2248","pol_687"
"2249","pol_688"
"2250","pol_689"
"2251","pol_690"
"2252","pol_691"
"2253","pol_692"
"2254","pol_693"
"2255","pol_694"
"2256","pol_695"
"2257","pol_696"
"2258","pol_697"
"2259","pol_698"
"2260","pol_699"
"2261","pol_700"
"2262","pol_701"
"2263","pol_702"
"2264","pol_703"
"2265","pol_704"
"2266","pol_705"
"2267","pol_706"
"2268","pol_707"
"2269","pol_708"
"2270","pol_709"
"2271","pol_710"
"2272","pol_711"
"2273","pol_712"
"2274","pol_713"
"2275","pol_714"
"2276","pol_715"
"2277","pol_716"
"2278","pol_717"
"2279","pol_718"
"2280","pol_719"
"2281","pol_720"
"2282","pol_721"
"2283","pol_722"
"2284","pol_723"
"2285","pol_724"
"2286","pol_725"
"2287","pol_726"
"2288","pol_727"
"2289","pol_728"
"2290","pol_729"
"2291","pol_730"
"2292","pol_731"
"2293","pol_732"
"2294","pol_733"
"2295","pol_734"
"2296","pol_735"
"2297","pol_736"
"2298","pol_737"
"2299","pol_738"
"2300","pol_739"
"2301","pol_740"
"2302","pol_741"
"2303","pol_742"
"2304","pol_743"
"2305","pol_744"
"2306","pol_745"
"2307","pol_746"
"2308","pol_747"
"2309","pol_748"
"2310","pol_749"
"2311","pol_750"
"2312","pol_751"
"2313","pol_752"
"2314","pol_753"
"2315","pol_754"
"2316","pol_755"
"2317","pol_756"
"2318","pol_757"
"2319","pol_758"
"2320","pol_759"
"2321","pol_760"
"2322","pol_761"
"2323","pol_762"
"2324","pol_763"
"2325","pol_764"
"2326","pol_765"
"2327","pol_766"
"2328","pol_767"
"2329","pol_768"
"2330","pol_769"
"2331","pol_770"
"2332","pol_771"
"2333","pol_772"
"2334","pol_773"
"2335","pol_774"
"2336","pol_775"
"2337","pol_776"
"2338","pol_777"
"2339","pol_778"
"2340","pol_779"
"2341","pol_780"
"2342","pol_781"
"2343","pol_782"
"2344","pol_783"
"2345","pol_784"
"2346","pol_785"
"2347","pol_786"
"2348","pol_787"
"2349","pol_788"
"2350","pol_789"
"2351","pol_790"
"2352","pol_791"
"2353","pol_792"
"2354","pol_793"
"2355","pol_794"
"2356","pol_795"
"2357","pol_796"
"2358","pol_797"
"2359","pol_798"
"2360","pol_799"
"2361","pol_800"
"2362","pol_801"
"2363","pol_802"
"2364","pol_803"
"2365","pol_804"
"2366","pol_805"
"2367","pol_806"
"2368","pol_807"
"2369","pol_808"
"2370","pol_809"
"2371","pol_810"
"2372","pol_811"
"2373","pol_812"
"2374","pol_813"
"2375","pol_814"
"2376","pol_815"
"2377","pol_816"
"2378","pol_817"
"2379","pol_818"
"2380","pol_819"
"2381","pol_820"
"2382","pol_821"
"2383","pol_822"
"2384","pol_823"
"2385","pol_824"
"2386","pol_825"
"2387","pol_826"
"2388","pol_827"
"2389","pol_828"
"2390","pol_829"
"2391","pol_830"
"2392","pol_831"
"2393","pol_832"
"2394","pol_833"
"2395","pol_834"
"2396","pol_835"
"2397","pol_836"
"2398","pol_837"
"2399","pol_838"
"2400","pol_839"
"2401","pol_840"
"2402","pol_841"
"2403","pol_842"
"2404","pol_843"
"2405","pol_844"
"2406","pol_845"
"2407","pol_846"
"2408","pol_847"
"2409","pol_848"
"2410","pol_849"
"2411","pol_850"
"2412","pol_851"
"2413","pol_852"
"2414","pol_853"
"2415","pol_854"
"2416","pol_855"
"2417","pol_856"
"2418","pol_857"
"2419","pol_858"
"2420","pol_859"
"2421","pol_860"
"2422","pol_861"
"2423","pol_862"
"2424","pol_863"
"2425","pol_864"
"2426","pol_865"
"2427","pol_866"
"2428","pol_867"
"2429","pol_868"
"2430","pol_869"
"2431","pol_870"
"2432","pol_871"
"2433","pol_872"
"2434","pol_873"
"2435","pol_874"
"2436","pol_875"
"2437","pol_876"
"2438","pol_877"
"2439","pol_878"
"2440","pol_879"
"2441","pol_880"
"2442","pol_881"
"2443","pol_882"
"2444","pol_883"
"2445","pol_884"
"2446","pol_885"
"2447","pol_886"
"2448","pol_887"
"2449","pol_888"
"2450","pol_889"
"2451","pol_890"
"2452","pol_891"
"2453","pol_892"
"2454","pol_893"
"2455","pol_894"
"2456","pol_895"
"2457","pol_896"
"2458","pol_897"
"2459","pol_898"
"2460","pol_899"
"2461","pol_900"
"2462","pol_901"
"2463","pol_902"
"2464","pol_903"
"2465","pol_904"
"2466","pol_905"
"2467","pol_906"
"2468","pol_907"
"2469","pol_908"
"2470","pol_909"
"2471","pol_910"
"2472","pol_911"
"2473","pol_912"
"2474","pol_913"
"2475","pol_914"
"2476","pol_915"
"2477","pol_916"
"2478","pol_917"
"2479","pol_918"
"2480","pol_919"
"2481","pol_920"
"2482","pol_921"
"2483","pol_922"
"2484","pol_923"
"2485","pol_924"
"2486","pol_925"
"2487","pol_926"
"2488","pol_927"
"2489","pol_928"
"2490","pol_929"
"2491","pol_930"
"2492","pol_931"
"2493","pol_932"
"2494","pol_933"
"2495","pol_934"
"2496","pol_935"
"2497","pol_936"
"2498","pol_937"
"2499","pol_938"
"2500","pol_939"
"2501","pol_940"
"2502","pol_941"
"2503","pol_942"
"2504","pol_943"
"2505","pol_944"
"2506","pol_945"
"2507","pol_946"
"2508","pol_947"
"2509","pol_948"
"2510","pol_949"
"2511","pol_950"
"2512","pol_951"
"2513","pol_952"
"2514","pol_953"
"2515","pol_954"
"2516","pol_955"
"2517","pol_956"
"2518","pol_957"
"2519","pol_958"
"2520","pol_959"
"2521","pol_960"
"2522","pol_961"
"2523","pol_962"
"2524","pol_963"
"2525","pol_964"
"2526","pol_965"
"2527","pol_966"
"2528","pol_967"
"2529","pol_968"
"2530","pol_969"
"2531","pol_970"
"2532","pol_971"
"2533","pol_972"
"2534","pol_973"
"2535","pol_974"
"2536","pol_975"
"2537","pol_976"
"2538","pol_977"
"2539","pol_978"
"2540","pol_979"
"2541","pol_980"
"2542","pol_981"
"2543","pol_982"
"2544","pol_983"
"2545","pol_984"
"2546","pol_985"
"2547","pol_986"
"2548","pol_987"
"2549","pol_988"
"2550","pol_989"
"2551","pol_990"
"2552","pol_991"
"2553","pol_992"
"2554","pol_993"
"2555","pol_994"
"2556","pol_995"
"2557","pol_996"
"2558","pol_997"
"2559","pol_998"
"2560","pol_999"
"2561","pol_1000"
"2562","pol_1001"
"2563","pol_1002"
"2564","pol_1003"
"2565","rev_1"
"2566","rev_2"
"2567","rev_3"
"2568","rev_4"
"2569","rev_5"
"2570","rev_6"
"2571","rev_7"
"2572","rev_8"
"2573","rev_9"
"2574","rev_10"
"2575","rev_11"
"2576","rev_12"
"2577","rev_13"
"2578","rev_14"
"2579","rev_15"
"2580","rev_16"
"2581","rev_17"
"2582","rev_18"
"2583","rev_19"
"2584","rev_20"
"2585","rev_21"
"2586","rev_22"
"2587","rev_23"
"2588","rev_24"
"2589","rev_25"
"2590","rev_26"
"2591","rev_27"
"2592","rev_28"
"2593","rev_29"
"2594","rev_30"
"2595","rev_31"
"2596","rev_32"
"2597","rev_33"
"2598","rev_34"
"2599","rev_35"
"2600","rev_36"
"2601","rev_37"
"2602","rev_38"
"2603","rev_39"
"2604","rev_40"
"2605","rev_41"
"2606","rev_42"
"2607","rev_43"
"2608","rev_44"
"2609","rev_45"
"2610","rev_46"
"2611","rev_47"
"2612","rev_48"
"2613","rev_49"
"2614","rev_50"
"2615","rev_51"
"2616","rev_52"
"2617","rev_53"
"2618","rev_54"
"2619","rev_55"
"2620","rev_56"
"2621","rev_57"
"2622","rev_58"
"2623","rev_59"
"2624","rev_60"
"2625","rev_61"
"2626","rev_62"
"2627","rev_63"
"2628","rev_64"
"2629","rev_65"
"2630","rev_66"
"2631","rev_67"
"2632","rev_68"
"2633","rev_69"
"2634","rev_70"
"2635","rev_71"
"2636","rev_72"
"2637","rev_73"
"2638","rev_74"
"2639","rev_75"
"2640","rev_76"
"2641","rev_77"
"2642","rev_78"
"2643","rev_79"
"2644","rev_80"
"2645","rev_81"
"2646","rev_82"
"2647","rev_83"
"2648","rev_84"
"2649","rev_85"
"2650","rev_86"
"2651","rev_87"
"2652","rev_88"
"2653","rev_89"
"2654","rev_90"
"2655","rev_91"
"2656","rev_92"
"2657","rev_93"
"2658","rev_94"
"2659","rev_95"
"2660","rev_96"
"2661","rev_97"
"2662","rev_98"
"2663","rev_99"
"2664","rev_100"
"2665","rev_101"
"2666","rev_102"
"2667","rev_103"
"2668","rev_104"
"2669","rev_105"
"2670","rev_106"
"2671","rev_107"
"2672","rev_108"
"2673","rev_109"
"2674","rev_110"
"2675","rev_111"
"2676","rev_112"
"2677","rev_113"
"2678","rev_114"
"2679","rev_115"
"2680","rev_116"
"2681","tat_1"
"2682","tat_2"
"2683","tat_3"
"2684","tat_4"
"2685","tat_5"
"2686","tat_6"
"2687","tat_7"
"2688","tat_8"
"2689","tat_9"
"2690","tat_10"
"2691","tat_11"
"2692","tat_12"
"2693","tat_13"
"2694","tat_14"
"2695","tat_15"
"2696","tat_16"
"2697","tat_17"
"2698","tat_18"
"2699","tat_19"
"2700","tat_20"
"2701","tat_21"
"2702","tat_22"
"2703","tat_23"
"2704","tat_24"
"2705","tat_25"
"2706","tat_26"
"2707","tat_27"
"2708","tat_28"
"2709","tat_29"
"2710","tat_30"
"2711","tat_31"
"2712","tat_32"
"2713","tat_33"
"2714","tat_34"
"2715","tat_35"
"2716","tat_36"
"2717","tat_37"
"2718","tat_38"
"2719","tat_39"
"2720","tat_40"
"2721","tat_41"
"2722","tat_42"
"2723","tat_43"
"2724","tat_44"
"2725","tat_45"
"2726","tat_46"
"2727","tat_47"
"2728","tat_48"
"2729","tat_49"
"2730","tat_50"
"2731","tat_51"
"2732","tat_52"
"2733","tat_53"
"2734","tat_54"
"2735","tat_55"
"2736","tat_56"
"2737","tat_57"
"2738","tat_58"
"2739","tat_59"
"2740","tat_60"
"2741","tat_61"
"2742","tat_62"
"2743","tat_63"
"2744","tat_64"
"2745","tat_65"
"2746","tat_66"
"2747","tat_67"
"2748","tat_68"
"2749","tat_69"
"2750","tat_70"
"2751","tat_71"
"2752","tat_72"
"2753","tat_73"
"2754","tat_74"
"2755","tat_75"
"2756","tat_76"
"2757","tat_77"
"2758","tat_78"
"2759","tat_79"
"2760","tat_80"
"2761","tat_81"
"2762","tat_82"
"2763","tat_83"
"2764","tat_84"
"2765","tat_85"
"2766","tat_86"
"2767","tat_87"
"2768","tat_88"
"2769","tat_89"
"2770","tat_90"
"2771","tat_91"
"2772","tat_92"
"2773","tat_93"
"2774","tat_94"
"2775","tat_95"
"2776","tat_96"
"2777","tat_97"
"2778","tat_98"
"2779","tat_99"
"2780","tat_100"
"2781","vif_1"
"2782","vif_2"
"2783","vif_3"
"2784","vif_4"
"2785","vif_5"
"2786","vif_6"
"2787","vif_7"
"2788","vif_8"
"2789","vif_9"
"2790","vif_10"
"2791","vif_11"
"2792","vif_12"
"2793","vif_13"
"2794","vif_14"
"2795","vif_15"
"2796","vif_16"
"2797","vif_17"
"2798","vif_18"
"2799","vif_19"
"2800","vif_20"
"2801","vif_21"
"2802","vif_22"
"2803","vif_23"
"2804","vif_24"
"2805","vif_25"
"2806","vif_26"
"2807","vif_27"
"2808","vif_28"
"2809","vif_29"
"2810","vif_30"
"2811","vif_31"
"2812","vif_32"
"2813","vif_33"
"2814","vif_34"
"2815","vif_35"
"2816","vif_36"
"2817","vif_37"
"2818","vif_38"
"2819","vif_39"
"2820","vif_40"
"2821","vif_41"
"2822","vif_42"
"2823","vif_43"
"2824","vif_44"
"2825","vif_45"
"2826","vif_46"
"2827","vif_47"
"2828","vif_48"
"2829","vif_49"
"2830","vif_50"
"2831","vif_51"
"2832","vif_52"
"2833","vif_53"
"2834","vif_54"
"2835","vif_55"
"2836","vif_56"
"2837","vif_57"
"2838","vif_58"
"2839","vif_59"
"2840","vif_60"
"2841","vif_61"
"2842","vif_62"
"2843","vif_63"
"2844","vif_64"
"2845","vif_65"
"2846","vif_66"
"2847","vif_67"
"2848","vif_68"
"2849","vif_69"
"2850","vif_70"
"2851","vif_71"
"2852","vif_72"
"2853","vif_73"
"2854","vif_74"
"2855","vif_75"
"2856","vif_76"
"2857","vif_77"
"2858","vif_78"
"2859","vif_79"
"2860","vif_80"
"2861","vif_81"
"2862","vif_82"
"2863","vif_83"
"2864","vif_84"
"2865","vif_85"
"2866","vif_86"
"2867","vif_87"
"2868","vif_88"
"2869","vif_89"
"2870","vif_90"
"2871","vif_91"
"2872","vif_92"
"2873","vif_93"
"2874","vif_94"
"2875","vif_95"
"2876","vif_96"
"2877","vif_97"
"2878","vif_98"
"2879","vif_99"
"2880","vif_100"
"2881","vif_101"
"2882","vif_102"
"2883","vif_103"
"2884","vif_104"
"2885","vif_105"
"2886","vif_106"
"2887","vif_107"
"2888","vif_108"
"2889","vif_109"
"2890","vif_110"
"2891","vif_111"
"2892","vif_112"
"2893","vif_113"
"2894","vif_114"
"2895","vif_115"
"2896","vif_116"
"2897","vif_117"
"2898","vif_118"
"2899","vif_119"
"2900","vif_120"
"2901","vif_121"
"2902","vif_122"
"2903","vif_123"
"2904","vif_124"
"2905","vif_125"
"2906","vif_126"
"2907","vif_127"
"2908","vif_128"
"2909","vif_129"
"2910","vif_130"
"2911","vif_131"
"2912","vif_132"
"2913","vif_133"
"2914","vif_134"
"2915","vif_135"
"2916","vif_136"
"2917","vif_137"
"2918","vif_138"
"2919","vif_139"
"2920","vif_140"
"2921","vif_141"
"2922","vif_142"
"2923","vif_143"
"2924","vif_144"
"2925","vif_145"
"2926","vif_146"
"2927","vif_147"
"2928","vif_148"
"2929","vif_149"
"2930","vif_150"
"2931","vif_151"
"2932","vif_152"
"2933","vif_153"
"2934","vif_154"
"2935","vif_155"
"2936","vif_156"
"2937","vif_157"
"2938","vif_158"
"2939","vif_159"
"2940","vif_160"
"2941","vif_161"
"2942","vif_162"
"2943","vif_163"
"2944","vif_164"
"2945","vif_165"
"2946","vif_166"
"2947","vif_167"
"2948","vif_168"
"2949","vif_169"
"2950","vif_170"
"2951","vif_171"
"2952","vif_172"
"2953","vif_173"
"2954","vif_174"
"2955","vif_175"
"2956","vif_176"
"2957","vif_177"
"2958","vif_178"
"2959","vif_179"
"2960","vif_180"
"2961","vif_181"
"2962","vif_182"
"2963","vif_183"
"2964","vif_184"
"2965","vif_185"
"2966","vif_186"
"2967","vif_187"
"2968","vif_188"
"2969","vif_189"
"2970","vif_190"
"2971","vif_191"
"2972","vif_192"
"2973","vpr_1"
"2974","vpr_2"
"2975","vpr_3"
"2976","vpr_4"
"2977","vpr_5"
"2978","vpr_6"
"2979","vpr_7"
"2980","vpr_8"
"2981","vpr_9"
"2982","vpr_10"
"2983","vpr_11"
"2984","vpr_12"
"2985","vpr_13"
"2986","vpr_14"
"2987","vpr_15"
"2988","vpr_16"
"2989","vpr_17"
"2990","vpr_18"
"2991","vpr_19"
"2992","vpr_20"
"2993","vpr_21"
"2994","vpr_22"
"2995","vpr_23"
"2996","vpr_24"
"2997","vpr_25"
"2998","vpr_26"
"2999","vpr_27"
"3000","vpr_28"
"3001","vpr_29"
"3002","vpr_30"
"3003","vpr_31"
"3004","vpr_32"
"3005","vpr_33"
"3006","vpr_34"
"3007","vpr_35"
"3008","vpr_36"
"3009","vpr_37"
"3010","vpr_38"
"3011","vpr_39"
"3012","vpr_40"
"3013","vpr_41"
"3014","vpr_42"
"3015","vpr_43"
"3016","vpr_44"
"3017","vpr_45"
"3018","vpr_46"
"3019","vpr_47"
"3020","vpr_48"
"3021","vpr_49"
"3022","vpr_50"
"3023","vpr_51"
"3024","vpr_52"
"3025","vpr_53"
"3026","vpr_54"
"3027","vpr_55"
"3028","vpr_56"
"3029","vpr_57"
"3030","vpr_58"
"3031","vpr_59"
"3032","vpr_60"
"3033","vpr_61"
"3034","vpr_62"
"3035","vpr_63"
"3036","vpr_64"
"3037","vpr_65"
"3038","vpr_66"
"3039","vpr_67"
"3040","vpr_68"
"3041","vpr_69"
"3042","vpr_70"
"3043","vpr_71"
"3044","vpr_72"
"3045","vpr_73"
"3046","vpr_74"
"3047","vpr_75"
"3048","vpr_76"
"3049","vpr_77"
"3050","vpr_78"
"3051","vpr_79"
"3052","vpr_80"
"3053","vpr_81"
"3054","vpr_82"
"3055","vpr_83"
"3056","vpr_84"
"3057","vpr_85"
"3058","vpr_86"
"3059","vpr_87"
"3060","vpr_88"
"3061","vpr_89"
"3062","vpr_90"
"3063","vpr_91"
"3064","vpr_92"
"3065","vpr_93"
"3066","vpr_94"
"3067","vpr_95"
"3068","vpr_96"
"3069","vpu_1"
"3070","vpu_2"
"3071","vpu_3"
"3072","vpu_4"
"3073","vpu_5"
"3074","vpu_6"
"3075","vpu_7"
"3076","vpu_8"
"3077","vpu_9"
"3078","vpu_10"
"3079","vpu_11"
"3080","vpu_12"
"3081","vpu_13"
"3082","vpu_14"
"3083","vpu_15"
"3084","vpu_16"
"3085","vpu_17"
"3086","vpu_18"
"3087","vpu_19"
"3088","vpu_20"
"3089","vpu_21"
"3090","vpu_22"
"3091","vpu_23"
"3092","vpu_24"
"3093","vpu_25"
"3094","vpu_26"
"3095","vpu_27"
"3096","vpu_28"
"3097","vpu_29"
"3098","vpu_30"
"3099","vpu_31"
"3100","vpu_32"
"3101","vpu_33"
"3102","vpu_34"
"3103","vpu_35"
"3104","vpu_36"
"3105","vpu_37"
"3106","vpu_38"
"3107","vpu_39"
"3108","vpu_40"
"3109","vpu_41"
"3110","vpu_42"
"3111","vpu_43"
"3112","vpu_44"
"3113","vpu_45"
"3114","vpu_46"
"3115","vpu_47"
"3116","vpu_48"
"3117","vpu_49"
"3118","vpu_50"
"3119","vpu_51"
"3120","vpu_52"
"3121","vpu_53"
"3122","vpu_54"
"3123","vpu_55"
"3124","vpu_56"
"3125","vpu_57"
"3126","vpu_58"
"3127","vpu_59"
"3128","vpu_60"
"3129","vpu_61"
"3130","vpu_62"
"3131","vpu_63"
"3132","vpu_64"
"3133","vpu_65"
"3134","vpu_66"
"3135","vpu_67"
"3136","vpu_68"
"3137","vpu_69"
"3138","vpu_70"
"3139","vpu_71"
"3140","vpu_72"
"3141","vpu_73"
"3142","vpu_74"
"3143","vpu_75"
"3144","vpu_76"
"3145","vpu_77"
"3146","vpu_78"
"3147","vpu_79"
"3148","vpu_80"
"3149","vpu_81"
"3150","vpu_82"
